id,species_type,species_id,diameter_um,radius_um,mass_kg,atoms_per_grain,diagnostic_number_weight,dropper_line,speed_m_s,angle_deg,z0_m,r0_m,vz0_m_s,vr0_m_s
1,1,grain_d040um,40,20.0,1.7894511754847454e-11,1552784850956868.2,1.0,16,1.0,-15.0,0.8413509771013569,0.5029559013148207,-0.9659258262890683,-0.25881904510252074
2,1,grain_d040um,40,20.0,1.7894511754847454e-11,1552784850956868.2,1.0,16,1.0,-7.5,0.8413509771013569,0.5029559013148207,-0.9914448613738104,-0.13052619222005157
3,1,grain_d040um,40,20.0,1.7894511754847454e-11,1552784850956868.2,1.0,16,1.0,0.0,0.8413509771013569,0.5029559013148207,-1.0,0.0
4,1,grain_d040um,40,20.0,1.7894511754847454e-11,1552784850956868.2,1.0,16,1.0,7.5,0.8413509771013569,0.5029559013148207,-0.9914448613738104,0.13052619222005157
5,1,grain_d040um,40,20.0,1.7894511754847454e-11,1552784850956868.2,1.0,16,1.0,15.0,0.8413509771013569,0.5029559013148207,-0.9659258262890683,0.25881904510252074
6,1,grain_d040um,40,20.0,1.7894511754847454e-11,1552784850956868.2,1.0,16,1.25,-15.0,0.8413509771013569,0.5029559013148207,-1.2074072828613354,-0.3235238063781509
7,1,grain_d040um,40,20.0,1.7894511754847454e-11,1552784850956868.2,1.0,16,1.25,-7.5,0.8413509771013569,0.5029559013148207,-1.239306076717263,-0.16315774027506447
8,1,grain_d040um,40,20.0,1.7894511754847454e-11,1552784850956868.2,1.0,16,1.25,0.0,0.8413509771013569,0.5029559013148207,-1.25,0.0
9,1,grain_d040um,40,20.0,1.7894511754847454e-11,1552784850956868.2,1.0,16,1.25,7.5,0.8413509771013569,0.5029559013148207,-1.239306076717263,0.16315774027506447
10,1,grain_d040um,40,20.0,1.7894511754847454e-11,1552784850956868.2,1.0,16,1.25,15.0,0.8413509771013569,0.5029559013148207,-1.2074072828613354,0.3235238063781509
11,1,grain_d040um,40,20.0,1.7894511754847454e-11,1552784850956868.2,1.0,16,1.5,-15.0,0.8413509771013569,0.5029559013148207,-1.4488887394336025,-0.3882285676537811
12,1,grain_d040um,40,20.0,1.7894511754847454e-11,1552784850956868.2,1.0,16,1.5,-7.5,0.8413509771013569,0.5029559013148207,-1.4871672920607155,-0.19578928833007736
13,1,grain_d040um,40,20.0,1.7894511754847454e-11,1552784850956868.2,1.0,16,1.5,0.0,0.8413509771013569,0.5029559013148207,-1.5,0.0
14,1,grain_d040um,40,20.0,1.7894511754847454e-11,1552784850956868.2,1.0,16,1.5,7.5,0.8413509771013569,0.5029559013148207,-1.4871672920607155,0.19578928833007736
15,1,grain_d040um,40,20.0,1.7894511754847454e-11,1552784850956868.2,1.0,16,1.5,15.0,0.8413509771013569,0.5029559013148207,-1.4488887394336025,0.3882285676537811
16,1,grain_d040um,40,20.0,1.7894511754847454e-11,1552784850956868.2,1.0,17,1.0,-15.0,0.8450107599103642,0.5149081341594087,-0.9659258262890683,-0.25881904510252074
17,1,grain_d040um,40,20.0,1.7894511754847454e-11,1552784850956868.2,1.0,17,1.0,-7.5,0.8450107599103642,0.5149081341594087,-0.9914448613738104,-0.13052619222005157
18,1,grain_d040um,40,20.0,1.7894511754847454e-11,1552784850956868.2,1.0,17,1.0,0.0,0.8450107599103642,0.5149081341594087,-1.0,0.0
19,1,grain_d040um,40,20.0,1.7894511754847454e-11,1552784850956868.2,1.0,17,1.0,7.5,0.8450107599103642,0.5149081341594087,-0.9914448613738104,0.13052619222005157
20,1,grain_d040um,40,20.0,1.7894511754847454e-11,1552784850956868.2,1.0,17,1.0,15.0,0.8450107599103642,0.5149081341594087,-0.9659258262890683,0.25881904510252074
21,1,grain_d040um,40,20.0,1.7894511754847454e-11,1552784850956868.2,1.0,17,1.25,-15.0,0.8450107599103642,0.5149081341594087,-1.2074072828613354,-0.3235238063781509
22,1,grain_d040um,40,20.0,1.7894511754847454e-11,1552784850956868.2,1.0,17,1.25,-7.5,0.8450107599103642,0.5149081341594087,-1.239306076717263,-0.16315774027506447
23,1,grain_d040um,40,20.0,1.7894511754847454e-11,1552784850956868.2,1.0,17,1.25,0.0,0.8450107599103642,0.5149081341594087,-1.25,0.0
24,1,grain_d040um,40,20.0,1.7894511754847454e-11,1552784850956868.2,1.0,17,1.25,7.5,0.8450107599103642,0.5149081341594087,-1.239306076717263,0.16315774027506447
25,1,grain_d040um,40,20.0,1.7894511754847454e-11,1552784850956868.2,1.0,17,1.25,15.0,0.8450107599103642,0.5149081341594087,-1.2074072828613354,0.3235238063781509
26,1,grain_d040um,40,20.0,1.7894511754847454e-11,1552784850956868.2,1.0,17,1.5,-15.0,0.8450107599103642,0.5149081341594087,-1.4488887394336025,-0.3882285676537811
27,1,grain_d040um,40,20.0,1.7894511754847454e-11,1552784850956868.2,1.0,17,1.5,-7.5,0.8450107599103642,0.5149081341594087,-1.4871672920607155,-0.19578928833007736
28,1,grain_d040um,40,20.0,1.7894511754847454e-11,1552784850956868.2,1.0,17,1.5,0.0,0.8450107599103642,0.5149081341594087,-1.5,0.0
29,1,grain_d040um,40,20.0,1.7894511754847454e-11,1552784850956868.2,1.0,17,1.5,7.5,0.8450107599103642,0.5149081341594087,-1.4871672920607155,0.19578928833007736
30,1,grain_d040um,40,20.0,1.7894511754847454e-11,1552784850956868.2,1.0,17,1.5,15.0,0.8450107599103642,0.5149081341594087,-1.4488887394336025,0.3882285676537811
31,2,grain_d060um,60,30.0,6.039397717261016e-11,5240648871979430.0,1.0,16,1.0,-15.0,0.8413509771013569,0.5029559013148207,-0.9659258262890683,-0.25881904510252074
32,2,grain_d060um,60,30.0,6.039397717261016e-11,5240648871979430.0,1.0,16,1.0,-7.5,0.8413509771013569,0.5029559013148207,-0.9914448613738104,-0.13052619222005157
33,2,grain_d060um,60,30.0,6.039397717261016e-11,5240648871979430.0,1.0,16,1.0,0.0,0.8413509771013569,0.5029559013148207,-1.0,0.0
34,2,grain_d060um,60,30.0,6.039397717261016e-11,5240648871979430.0,1.0,16,1.0,7.5,0.8413509771013569,0.5029559013148207,-0.9914448613738104,0.13052619222005157
35,2,grain_d060um,60,30.0,6.039397717261016e-11,5240648871979430.0,1.0,16,1.0,15.0,0.8413509771013569,0.5029559013148207,-0.9659258262890683,0.25881904510252074
36,2,grain_d060um,60,30.0,6.039397717261016e-11,5240648871979430.0,1.0,16,1.25,-15.0,0.8413509771013569,0.5029559013148207,-1.2074072828613354,-0.3235238063781509
37,2,grain_d060um,60,30.0,6.039397717261016e-11,5240648871979430.0,1.0,16,1.25,-7.5,0.8413509771013569,0.5029559013148207,-1.239306076717263,-0.16315774027506447
38,2,grain_d060um,60,30.0,6.039397717261016e-11,5240648871979430.0,1.0,16,1.25,0.0,0.8413509771013569,0.5029559013148207,-1.25,0.0
39,2,grain_d060um,60,30.0,6.039397717261016e-11,5240648871979430.0,1.0,16,1.25,7.5,0.8413509771013569,0.5029559013148207,-1.239306076717263,0.16315774027506447
40,2,grain_d060um,60,30.0,6.039397717261016e-11,5240648871979430.0,1.0,16,1.25,15.0,0.8413509771013569,0.5029559013148207,-1.2074072828613354,0.3235238063781509
41,2,grain_d060um,60,30.0,6.039397717261016e-11,5240648871979430.0,1.0,16,1.5,-15.0,0.8413509771013569,0.5029559013148207,-1.4488887394336025,-0.3882285676537811
42,2,grain_d060um,60,30.0,6.039397717261016e-11,5240648871979430.0,1.0,16,1.5,-7.5,0.8413509771013569,0.5029559013148207,-1.4871672920607155,-0.19578928833007736
43,2,grain_d060um,60,30.0,6.039397717261016e-11,5240648871979430.0,1.0,16,1.5,0.0,0.8413509771013569,0.5029559013148207,-1.5,0.0
44,2,grain_d060um,60,30.0,6.039397717261016e-11,5240648871979430.0,1.0,16,1.5,7.5,0.8413509771013569,0.5029559013148207,-1.4871672920607155,0.19578928833007736
45,2,grain_d060um,60,30.0,6.039397717261016e-11,5240648871979430.0,1.0,16,1.5,15.0,0.8413509771013569,0.5029559013148207,-1.4488887394336025,0.3882285676537811
46,2,grain_d060um,60,30.0,6.039397717261016e-11,5240648871979430.0,1.0,17,1.0,-15.0,0.8450107599103642,0.5149081341594087,-0.9659258262890683,-0.25881904510252074
47,2,grain_d060um,60,30.0,6.039397717261016e-11,5240648871979430.0,1.0,17,1.0,-7.5,0.8450107599103642,0.5149081341594087,-0.9914448613738104,-0.13052619222005157
48,2,grain_d060um,60,30.0,6.039397717261016e-11,5240648871979430.0,1.0,17,1.0,0.0,0.8450107599103642,0.5149081341594087,-1.0,0.0
49,2,grain_d060um,60,30.0,6.039397717261016e-11,5240648871979430.0,1.0,17,1.0,7.5,0.8450107599103642,0.5149081341594087,-0.9914448613738104,0.13052619222005157
50,2,grain_d060um,60,30.0,6.039397717261016e-11,5240648871979430.0,1.0,17,1.0,15.0,0.8450107599103642,0.5149081341594087,-0.9659258262890683,0.25881904510252074
51,2,grain_d060um,60,30.0,6.039397717261016e-11,5240648871979430.0,1.0,17,1.25,-15.0,0.8450107599103642,0.5149081341594087,-1.2074072828613354,-0.3235238063781509
52,2,grain_d060um,60,30.0,6.039397717261016e-11,5240648871979430.0,1.0,17,1.25,-7.5,0.8450107599103642,0.5149081341594087,-1.239306076717263,-0.16315774027506447
53,2,grain_d060um,60,30.0,6.039397717261016e-11,5240648871979430.0,1.0,17,1.25,0.0,0.8450107599103642,0.5149081341594087,-1.25,0.0
54,2,grain_d060um,60,30.0,6.039397717261016e-11,5240648871979430.0,1.0,17,1.25,7.5,0.8450107599103642,0.5149081341594087,-1.239306076717263,0.16315774027506447
55,2,grain_d060um,60,30.0,6.039397717261016e-11,5240648871979430.0,1.0,17,1.25,15.0,0.8450107599103642,0.5149081341594087,-1.2074072828613354,0.3235238063781509
56,2,grain_d060um,60,30.0,6.039397717261016e-11,5240648871979430.0,1.0,17,1.5,-15.0,0.8450107599103642,0.5149081341594087,-1.4488887394336025,-0.3882285676537811
57,2,grain_d060um,60,30.0,6.039397717261016e-11,5240648871979430.0,1.0,17,1.5,-7.5,0.8450107599103642,0.5149081341594087,-1.4871672920607155,-0.19578928833007736
58,2,grain_d060um,60,30.0,6.039397717261016e-11,5240648871979430.0,1.0,17,1.5,0.0,0.8450107599103642,0.5149081341594087,-1.5,0.0
59,2,grain_d060um,60,30.0,6.039397717261016e-11,5240648871979430.0,1.0,17,1.5,7.5,0.8450107599103642,0.5149081341594087,-1.4871672920607155,0.19578928833007736
60,2,grain_d060um,60,30.0,6.039397717261016e-11,5240648871979430.0,1.0,17,1.5,15.0,0.8450107599103642,0.5149081341594087,-1.4488887394336025,0.3882285676537811
61,3,grain_d080um,80,40.0,1.4315609403877963e-10,1.2422278807654946e+16,1.0,16,1.0,-15.0,0.8413509771013569,0.5029559013148207,-0.9659258262890683,-0.25881904510252074
62,3,grain_d080um,80,40.0,1.4315609403877963e-10,1.2422278807654946e+16,1.0,16,1.0,-7.5,0.8413509771013569,0.5029559013148207,-0.9914448613738104,-0.13052619222005157
63,3,grain_d080um,80,40.0,1.4315609403877963e-10,1.2422278807654946e+16,1.0,16,1.0,0.0,0.8413509771013569,0.5029559013148207,-1.0,0.0
64,3,grain_d080um,80,40.0,1.4315609403877963e-10,1.2422278807654946e+16,1.0,16,1.0,7.5,0.8413509771013569,0.5029559013148207,-0.9914448613738104,0.13052619222005157
65,3,grain_d080um,80,40.0,1.4315609403877963e-10,1.2422278807654946e+16,1.0,16,1.0,15.0,0.8413509771013569,0.5029559013148207,-0.9659258262890683,0.25881904510252074
66,3,grain_d080um,80,40.0,1.4315609403877963e-10,1.2422278807654946e+16,1.0,16,1.25,-15.0,0.8413509771013569,0.5029559013148207,-1.2074072828613354,-0.3235238063781509
67,3,grain_d080um,80,40.0,1.4315609403877963e-10,1.2422278807654946e+16,1.0,16,1.25,-7.5,0.8413509771013569,0.5029559013148207,-1.239306076717263,-0.16315774027506447
68,3,grain_d080um,80,40.0,1.4315609403877963e-10,1.2422278807654946e+16,1.0,16,1.25,0.0,0.8413509771013569,0.5029559013148207,-1.25,0.0
69,3,grain_d080um,80,40.0,1.4315609403877963e-10,1.2422278807654946e+16,1.0,16,1.25,7.5,0.8413509771013569,0.5029559013148207,-1.239306076717263,0.16315774027506447
70,3,grain_d080um,80,40.0,1.4315609403877963e-10,1.2422278807654946e+16,1.0,16,1.25,15.0,0.8413509771013569,0.5029559013148207,-1.2074072828613354,0.3235238063781509
71,3,grain_d080um,80,40.0,1.4315609403877963e-10,1.2422278807654946e+16,1.0,16,1.5,-15.0,0.8413509771013569,0.5029559013148207,-1.4488887394336025,-0.3882285676537811
72,3,grain_d080um,80,40.0,1.4315609403877963e-10,1.2422278807654946e+16,1.0,16,1.5,-7.5,0.8413509771013569,0.5029559013148207,-1.4871672920607155,-0.19578928833007736
73,3,grain_d080um,80,40.0,1.4315609403877963e-10,1.2422278807654946e+16,1.0,16,1.5,0.0,0.8413509771013569,0.5029559013148207,-1.5,0.0
74,3,grain_d080um,80,40.0,1.4315609403877963e-10,1.2422278807654946e+16,1.0,16,1.5,7.5,0.8413509771013569,0.5029559013148207,-1.4871672920607155,0.19578928833007736
75,3,grain_d080um,80,40.0,1.4315609403877963e-10,1.2422278807654946e+16,1.0,16,1.5,15.0,0.8413509771013569,0.5029559013148207,-1.4488887394336025,0.3882285676537811
76,3,grain_d080um,80,40.0,1.4315609403877963e-10,1.2422278807654946e+16,1.0,17,1.0,-15.0,0.8450107599103642,0.5149081341594087,-0.9659258262890683,-0.25881904510252074
77,3,grain_d080um,80,40.0,1.4315609403877963e-10,1.2422278807654946e+16,1.0,17,1.0,-7.5,0.8450107599103642,0.5149081341594087,-0.9914448613738104,-0.13052619222005157
78,3,grain_d080um,80,40.0,1.4315609403877963e-10,1.2422278807654946e+16,1.0,17,1.0,0.0,0.8450107599103642,0.5149081341594087,-1.0,0.0
79,3,grain_d080um,80,40.0,1.4315609403877963e-10,1.2422278807654946e+16,1.0,17,1.0,7.5,0.8450107599103642,0.5149081341594087,-0.9914448613738104,0.13052619222005157
80,3,grain_d080um,80,40.0,1.4315609403877963e-10,1.2422278807654946e+16,1.0,17,1.0,15.0,0.8450107599103642,0.5149081341594087,-0.9659258262890683,0.25881904510252074
81,3,grain_d080um,80,40.0,1.4315609403877963e-10,1.2422278807654946e+16,1.0,17,1.25,-15.0,0.8450107599103642,0.5149081341594087,-1.2074072828613354,-0.3235238063781509
82,3,grain_d080um,80,40.0,1.4315609403877963e-10,1.2422278807654946e+16,1.0,17,1.25,-7.5,0.8450107599103642,0.5149081341594087,-1.239306076717263,-0.16315774027506447
83,3,grain_d080um,80,40.0,1.4315609403877963e-10,1.2422278807654946e+16,1.0,17,1.25,0.0,0.8450107599103642,0.5149081341594087,-1.25,0.0
84,3,grain_d080um,80,40.0,1.4315609403877963e-10,1.2422278807654946e+16,1.0,17,1.25,7.5,0.8450107599103642,0.5149081341594087,-1.239306076717263,0.16315774027506447
85,3,grain_d080um,80,40.0,1.4315609403877963e-10,1.2422278807654946e+16,1.0,17,1.25,15.0,0.8450107599103642,0.5149081341594087,-1.2074072828613354,0.3235238063781509
86,3,grain_d080um,80,40.0,1.4315609403877963e-10,1.2422278807654946e+16,1.0,17,1.5,-15.0,0.8450107599103642,0.5149081341594087,-1.4488887394336025,-0.3882285676537811
87,3,grain_d080um,80,40.0,1.4315609403877963e-10,1.2422278807654946e+16,1.0,17,1.5,-7.5,0.8450107599103642,0.5149081341594087,-1.4871672920607155,-0.19578928833007736
88,3,grain_d080um,80,40.0,1.4315609403877963e-10,1.2422278807654946e+16,1.0,17,1.5,0.0,0.8450107599103642,0.5149081341594087,-1.5,0.0
89,3,grain_d080um,80,40.0,1.4315609403877963e-10,1.2422278807654946e+16,1.0,17,1.5,7.5,0.8450107599103642,0.5149081341594087,-1.4871672920607155,0.19578928833007736
90,3,grain_d080um,80,40.0,1.4315609403877963e-10,1.2422278807654946e+16,1.0,17,1.5,15.0,0.8450107599103642,0.5149081341594087,-1.4488887394336025,0.3882285676537811
91,4,grain_d100um,100,50.0,2.796017461694915e-10,2.4262263296201068e+16,1.0,16,1.0,-15.0,0.8413509771013569,0.5029559013148207,-0.9659258262890683,-0.25881904510252074
92,4,grain_d100um,100,50.0,2.796017461694915e-10,2.4262263296201068e+16,1.0,16,1.0,-7.5,0.8413509771013569,0.5029559013148207,-0.9914448613738104,-0.13052619222005157
93,4,grain_d100um,100,50.0,2.796017461694915e-10,2.4262263296201068e+16,1.0,16,1.0,0.0,0.8413509771013569,0.5029559013148207,-1.0,0.0
94,4,grain_d100um,100,50.0,2.796017461694915e-10,2.4262263296201068e+16,1.0,16,1.0,7.5,0.8413509771013569,0.5029559013148207,-0.9914448613738104,0.13052619222005157
95,4,grain_d100um,100,50.0,2.796017461694915e-10,2.4262263296201068e+16,1.0,16,1.0,15.0,0.8413509771013569,0.5029559013148207,-0.9659258262890683,0.25881904510252074
96,4,grain_d100um,100,50.0,2.796017461694915e-10,2.4262263296201068e+16,1.0,16,1.25,-15.0,0.8413509771013569,0.5029559013148207,-1.2074072828613354,-0.3235238063781509
97,4,grain_d100um,100,50.0,2.796017461694915e-10,2.4262263296201068e+16,1.0,16,1.25,-7.5,0.8413509771013569,0.5029559013148207,-1.239306076717263,-0.16315774027506447
98,4,grain_d100um,100,50.0,2.796017461694915e-10,2.4262263296201068e+16,1.0,16,1.25,0.0,0.8413509771013569,0.5029559013148207,-1.25,0.0
99,4,grain_d100um,100,50.0,2.796017461694915e-10,2.4262263296201068e+16,1.0,16,1.25,7.5,0.8413509771013569,0.5029559013148207,-1.239306076717263,0.16315774027506447
100,4,grain_d100um,100,50.0,2.796017461694915e-10,2.4262263296201068e+16,1.0,16,1.25,15.0,0.8413509771013569,0.5029559013148207,-1.2074072828613354,0.3235238063781509
101,4,grain_d100um,100,50.0,2.796017461694915e-10,2.4262263296201068e+16,1.0,16,1.5,-15.0,0.8413509771013569,0.5029559013148207,-1.4488887394336025,-0.3882285676537811
102,4,grain_d100um,100,50.0,2.796017461694915e-10,2.4262263296201068e+16,1.0,16,1.5,-7.5,0.8413509771013569,0.5029559013148207,-1.4871672920607155,-0.19578928833007736
103,4,grain_d100um,100,50.0,2.796017461694915e-10,2.4262263296201068e+16,1.0,16,1.5,0.0,0.8413509771013569,0.5029559013148207,-1.5,0.0
104,4,grain_d100um,100,50.0,2.796017461694915e-10,2.4262263296201068e+16,1.0,16,1.5,7.5,0.8413509771013569,0.5029559013148207,-1.4871672920607155,0.19578928833007736
105,4,grain_d100um,100,50.0,2.796017461694915e-10,2.4262263296201068e+16,1.0,16,1.5,15.0,0.8413509771013569,0.5029559013148207,-1.4488887394336025,0.3882285676537811
106,4,grain_d100um,100,50.0,2.796017461694915e-10,2.4262263296201068e+16,1.0,17,1.0,-15.0,0.8450107599103642,0.5149081341594087,-0.9659258262890683,-0.25881904510252074
107,4,grain_d100um,100,50.0,2.796017461694915e-10,2.4262263296201068e+16,1.0,17,1.0,-7.5,0.8450107599103642,0.5149081341594087,-0.9914448613738104,-0.13052619222005157
108,4,grain_d100um,100,50.0,2.796017461694915e-10,2.4262263296201068e+16,1.0,17,1.0,0.0,0.8450107599103642,0.5149081341594087,-1.0,0.0
109,4,grain_d100um,100,50.0,2.796017461694915e-10,2.4262263296201068e+16,1.0,17,1.0,7.5,0.8450107599103642,0.5149081341594087,-0.9914448613738104,0.13052619222005157
110,4,grain_d100um,100,50.0,2.796017461694915e-10,2.4262263296201068e+16,1.0,17,1.0,15.0,0.8450107599103642,0.5149081341594087,-0.9659258262890683,0.25881904510252074
111,4,grain_d100um,100,50.0,2.796017461694915e-10,2.4262263296201068e+16,1.0,17,1.25,-15.0,0.8450107599103642,0.5149081341594087,-1.2074072828613354,-0.3235238063781509
112,4,grain_d100um,100,50.0,2.796017461694915e-10,2.4262263296201068e+16,1.0,17,1.25,-7.5,0.8450107599103642,0.5149081341594087,-1.239306076717263,-0.16315774027506447
113,4,grain_d100um,100,50.0,2.796017461694915e-10,2.4262263296201068e+16,1.0,17,1.25,0.0,0.8450107599103642,0.5149081341594087,-1.25,0.0
114,4,grain_d100um,100,50.0,2.796017461694915e-10,2.4262263296201068e+16,1.0,17,1.25,7.5,0.8450107599103642,0.5149081341594087,-1.239306076717263,0.16315774027506447
115,4,grain_d100um,100,50.0,2.796017461694915e-10,2.4262263296201068e+16,1.0,17,1.25,15.0,0.8450107599103642,0.5149081341594087,-1.2074072828613354,0.3235238063781509
116,4,grain_d100um,100,50.0,2.796017461694915e-10,2.4262263296201068e+16,1.0,17,1.5,-15.0,0.8450107599103642,0.5149081341594087,-1.4488887394336025,-0.3882285676537811
117,4,grain_d100um,100,50.0,2.796017461694915e-10,2.4262263296201068e+16,1.0,17,1.5,-7.5,0.8450107599103642,0.5149081341594087,-1.4871672920607155,-0.19578928833007736
118,4,grain_d100um,100,50.0,2.796017461694915e-10,2.4262263296201068e+16,1.0,17,1.5,0.0,0.8450107599103642,0.5149081341594087,-1.5,0.0
119,4,grain_d100um,100,50.0,2.796017461694915e-10,2.4262263296201068e+16,1.0,17,1.5,7.5,0.8450107599103642,0.5149081341594087,-1.4871672920607155,0.19578928833007736
120,4,grain_d100um,100,50.0,2.796017461694915e-10,2.4262263296201068e+16,1.0,17,1.5,15.0,0.8450107599103642,0.5149081341594087,-1.4488887394336025,0.3882285676537811
121,5,grain_d125um,125,62.5,5.460971604872882e-10,4.738723300039273e+16,1.0,16,1.0,-15.0,0.8413509771013569,0.5029559013148207,-0.9659258262890683,-0.25881904510252074
122,5,grain_d125um,125,62.5,5.460971604872882e-10,4.738723300039273e+16,1.0,16,1.0,-7.5,0.8413509771013569,0.5029559013148207,-0.9914448613738104,-0.13052619222005157
123,5,grain_d125um,125,62.5,5.460971604872882e-10,4.738723300039273e+16,1.0,16,1.0,0.0,0.8413509771013569,0.5029559013148207,-1.0,0.0
124,5,grain_d125um,125,62.5,5.460971604872882e-10,4.738723300039273e+16,1.0,16,1.0,7.5,0.8413509771013569,0.5029559013148207,-0.9914448613738104,0.13052619222005157
125,5,grain_d125um,125,62.5,5.460971604872882e-10,4.738723300039273e+16,1.0,16,1.0,15.0,0.8413509771013569,0.5029559013148207,-0.9659258262890683,0.25881904510252074
126,5,grain_d125um,125,62.5,5.460971604872882e-10,4.738723300039273e+16,1.0,16,1.25,-15.0,0.8413509771013569,0.5029559013148207,-1.2074072828613354,-0.3235238063781509
127,5,grain_d125um,125,62.5,5.460971604872882e-10,4.738723300039273e+16,1.0,16,1.25,-7.5,0.8413509771013569,0.5029559013148207,-1.239306076717263,-0.16315774027506447
128,5,grain_d125um,125,62.5,5.460971604872882e-10,4.738723300039273e+16,1.0,16,1.25,0.0,0.8413509771013569,0.5029559013148207,-1.25,0.0
129,5,grain_d125um,125,62.5,5.460971604872882e-10,4.738723300039273e+16,1.0,16,1.25,7.5,0.8413509771013569,0.5029559013148207,-1.239306076717263,0.16315774027506447
130,5,grain_d125um,125,62.5,5.460971604872882e-10,4.738723300039273e+16,1.0,16,1.25,15.0,0.8413509771013569,0.5029559013148207,-1.2074072828613354,0.3235238063781509
131,5,grain_d125um,125,62.5,5.460971604872882e-10,4.738723300039273e+16,1.0,16,1.5,-15.0,0.8413509771013569,0.5029559013148207,-1.4488887394336025,-0.3882285676537811
132,5,grain_d125um,125,62.5,5.460971604872882e-10,4.738723300039273e+16,1.0,16,1.5,-7.5,0.8413509771013569,0.5029559013148207,-1.4871672920607155,-0.19578928833007736
133,5,grain_d125um,125,62.5,5.460971604872882e-10,4.738723300039273e+16,1.0,16,1.5,0.0,0.8413509771013569,0.5029559013148207,-1.5,0.0
134,5,grain_d125um,125,62.5,5.460971604872882e-10,4.738723300039273e+16,1.0,16,1.5,7.5,0.8413509771013569,0.5029559013148207,-1.4871672920607155,0.19578928833007736
135,5,grain_d125um,125,62.5,5.460971604872882e-10,4.738723300039273e+16,1.0,16,1.5,15.0,0.8413509771013569,0.5029559013148207,-1.4488887394336025,0.3882285676537811
136,5,grain_d125um,125,62.5,5.460971604872882e-10,4.738723300039273e+16,1.0,17,1.0,-15.0,0.8450107599103642,0.5149081341594087,-0.9659258262890683,-0.25881904510252074
137,5,grain_d125um,125,62.5,5.460971604872882e-10,4.738723300039273e+16,1.0,17,1.0,-7.5,0.8450107599103642,0.5149081341594087,-0.9914448613738104,-0.13052619222005157
138,5,grain_d125um,125,62.5,5.460971604872882e-10,4.738723300039273e+16,1.0,17,1.0,0.0,0.8450107599103642,0.5149081341594087,-1.0,0.0
139,5,grain_d125um,125,62.5,5.460971604872882e-10,4.738723300039273e+16,1.0,17,1.0,7.5,0.8450107599103642,0.5149081341594087,-0.9914448613738104,0.13052619222005157
140,5,grain_d125um,125,62.5,5.460971604872882e-10,4.738723300039273e+16,1.0,17,1.0,15.0,0.8450107599103642,0.5149081341594087,-0.9659258262890683,0.25881904510252074
141,5,grain_d125um,125,62.5,5.460971604872882e-10,4.738723300039273e+16,1.0,17,1.25,-15.0,0.8450107599103642,0.5149081341594087,-1.2074072828613354,-0.3235238063781509
142,5,grain_d125um,125,62.5,5.460971604872882e-10,4.738723300039273e+16,1.0,17,1.25,-7.5,0.8450107599103642,0.5149081341594087,-1.239306076717263,-0.16315774027506447
143,5,grain_d125um,125,62.5,5.460971604872882e-10,4.738723300039273e+16,1.0,17,1.25,0.0,0.8450107599103642,0.5149081341594087,-1.25,0.0
144,5,grain_d125um,125,62.5,5.460971604872882e-10,4.738723300039273e+16,1.0,17,1.25,7.5,0.8450107599103642,0.5149081341594087,-1.239306076717263,0.16315774027506447
145,5,grain_d125um,125,62.5,5.460971604872882e-10,4.738723300039273e+16,1.0,17,1.25,15.0,0.8450107599103642,0.5149081341594087,-1.2074072828613354,0.3235238063781509
146,5,grain_d125um,125,62.5,5.460971604872882e-10,4.738723300039273e+16,1.0,17,1.5,-15.0,0.8450107599103642,0.5149081341594087,-1.4488887394336025,-0.3882285676537811
147,5,grain_d125um,125,62.5,5.460971604872882e-10,4.738723300039273e+16,1.0,17,1.5,-7.5,0.8450107599103642,0.5149081341594087,-1.4871672920607155,-0.19578928833007736
148,5,grain_d125um,125,62.5,5.460971604872882e-10,4.738723300039273e+16,1.0,17,1.5,0.0,0.8450107599103642,0.5149081341594087,-1.5,0.0
149,5,grain_d125um,125,62.5,5.460971604872882e-10,4.738723300039273e+16,1.0,17,1.5,7.5,0.8450107599103642,0.5149081341594087,-1.4871672920607155,0.19578928833007736
150,5,grain_d125um,125,62.5,5.460971604872882e-10,4.738723300039273e+16,1.0,17,1.5,15.0,0.8450107599103642,0.5149081341594087,-1.4488887394336025,0.3882285676537811
151,6,grain_d150um,150,75.0,9.436558933220338e-10,8.188513862467861e+16,1.0,16,1.0,-15.0,0.8413509771013569,0.5029559013148207,-0.9659258262890683,-0.25881904510252074
152,6,grain_d150um,150,75.0,9.436558933220338e-10,8.188513862467861e+16,1.0,16,1.0,-7.5,0.8413509771013569,0.5029559013148207,-0.9914448613738104,-0.13052619222005157
153,6,grain_d150um,150,75.0,9.436558933220338e-10,8.188513862467861e+16,1.0,16,1.0,0.0,0.8413509771013569,0.5029559013148207,-1.0,0.0
154,6,grain_d150um,150,75.0,9.436558933220338e-10,8.188513862467861e+16,1.0,16,1.0,7.5,0.8413509771013569,0.5029559013148207,-0.9914448613738104,0.13052619222005157
155,6,grain_d150um,150,75.0,9.436558933220338e-10,8.188513862467861e+16,1.0,16,1.0,15.0,0.8413509771013569,0.5029559013148207,-0.9659258262890683,0.25881904510252074
156,6,grain_d150um,150,75.0,9.436558933220338e-10,8.188513862467861e+16,1.0,16,1.25,-15.0,0.8413509771013569,0.5029559013148207,-1.2074072828613354,-0.3235238063781509
157,6,grain_d150um,150,75.0,9.436558933220338e-10,8.188513862467861e+16,1.0,16,1.25,-7.5,0.8413509771013569,0.5029559013148207,-1.239306076717263,-0.16315774027506447
158,6,grain_d150um,150,75.0,9.436558933220338e-10,8.188513862467861e+16,1.0,16,1.25,0.0,0.8413509771013569,0.5029559013148207,-1.25,0.0
159,6,grain_d150um,150,75.0,9.436558933220338e-10,8.188513862467861e+16,1.0,16,1.25,7.5,0.8413509771013569,0.5029559013148207,-1.239306076717263,0.16315774027506447
160,6,grain_d150um,150,75.0,9.436558933220338e-10,8.188513862467861e+16,1.0,16,1.25,15.0,0.8413509771013569,0.5029559013148207,-1.2074072828613354,0.3235238063781509
161,6,grain_d150um,150,75.0,9.436558933220338e-10,8.188513862467861e+16,1.0,16,1.5,-15.0,0.8413509771013569,0.5029559013148207,-1.4488887394336025,-0.3882285676537811
162,6,grain_d150um,150,75.0,9.436558933220338e-10,8.188513862467861e+16,1.0,16,1.5,-7.5,0.8413509771013569,0.5029559013148207,-1.4871672920607155,-0.19578928833007736
163,6,grain_d150um,150,75.0,9.436558933220338e-10,8.188513862467861e+16,1.0,16,1.5,0.0,0.8413509771013569,0.5029559013148207,-1.5,0.0
164,6,grain_d150um,150,75.0,9.436558933220338e-10,8.188513862467861e+16,1.0,16,1.5,7.5,0.8413509771013569,0.5029559013148207,-1.4871672920607155,0.19578928833007736
165,6,grain_d150um,150,75.0,9.436558933220338e-10,8.188513862467861e+16,1.0,16,1.5,15.0,0.8413509771013569,0.5029559013148207,-1.4488887394336025,0.3882285676537811
166,6,grain_d150um,150,75.0,9.436558933220338e-10,8.188513862467861e+16,1.0,17,1.0,-15.0,0.8450107599103642,0.5149081341594087,-0.9659258262890683,-0.25881904510252074
167,6,grain_d150um,150,75.0,9.436558933220338e-10,8.188513862467861e+16,1.0,17,1.0,-7.5,0.8450107599103642,0.5149081341594087,-0.9914448613738104,-0.13052619222005157
168,6,grain_d150um,150,75.0,9.436558933220338e-10,8.188513862467861e+16,1.0,17,1.0,0.0,0.8450107599103642,0.5149081341594087,-1.0,0.0
169,6,grain_d150um,150,75.0,9.436558933220338e-10,8.188513862467861e+16,1.0,17,1.0,7.5,0.8450107599103642,0.5149081341594087,-0.9914448613738104,0.13052619222005157
170,6,grain_d150um,150,75.0,9.436558933220338e-10,8.188513862467861e+16,1.0,17,1.0,15.0,0.8450107599103642,0.5149081341594087,-0.9659258262890683,0.25881904510252074
171,6,grain_d150um,150,75.0,9.436558933220338e-10,8.188513862467861e+16,1.0,17,1.25,-15.0,0.8450107599103642,0.5149081341594087,-1.2074072828613354,-0.3235238063781509
172,6,grain_d150um,150,75.0,9.436558933220338e-10,8.188513862467861e+16,1.0,17,1.25,-7.5,0.8450107599103642,0.5149081341594087,-1.239306076717263,-0.16315774027506447
173,6,grain_d150um,150,75.0,9.436558933220338e-10,8.188513862467861e+16,1.0,17,1.25,0.0,0.8450107599103642,0.5149081341594087,-1.25,0.0
174,6,grain_d150um,150,75.0,9.436558933220338e-10,8.188513862467861e+16,1.0,17,1.25,7.5,0.8450107599103642,0.5149081341594087,-1.239306076717263,0.16315774027506447
175,6,grain_d150um,150,75.0,9.436558933220338e-10,8.188513862467861e+16,1.0,17,1.25,15.0,0.8450107599103642,0.5149081341594087,-1.2074072828613354,0.3235238063781509
176,6,grain_d150um,150,75.0,9.436558933220338e-10,8.188513862467861e+16,1.0,17,1.5,-15.0,0.8450107599103642,0.5149081341594087,-1.4488887394336025,-0.3882285676537811
177,6,grain_d150um,150,75.0,9.436558933220338e-10,8.188513862467861e+16,1.0,17,1.5,-7.5,0.8450107599103642,0.5149081341594087,-1.4871672920607155,-0.19578928833007736
178,6,grain_d150um,150,75.0,9.436558933220338e-10,8.188513862467861e+16,1.0,17,1.5,0.0,0.8450107599103642,0.5149081341594087,-1.5,0.0
179,6,grain_d150um,150,75.0,9.436558933220338e-10,8.188513862467861e+16,1.0,17,1.5,7.5,0.8450107599103642,0.5149081341594087,-1.4871672920607155,0.19578928833007736
180,6,grain_d150um,150,75.0,9.436558933220338e-10,8.188513862467861e+16,1.0,17,1.5,15.0,0.8450107599103642,0.5149081341594087,-1.4488887394336025,0.3882285676537811
181,7,grain_d200um,200,100.0,2.236813969355932e-09,1.9409810636960854e+17,1.0,16,1.0,-15.0,0.8413509771013569,0.5029559013148207,-0.9659258262890683,-0.25881904510252074
182,7,grain_d200um,200,100.0,2.236813969355932e-09,1.9409810636960854e+17,1.0,16,1.0,-7.5,0.8413509771013569,0.5029559013148207,-0.9914448613738104,-0.13052619222005157
183,7,grain_d200um,200,100.0,2.236813969355932e-09,1.9409810636960854e+17,1.0,16,1.0,0.0,0.8413509771013569,0.5029559013148207,-1.0,0.0
184,7,grain_d200um,200,100.0,2.236813969355932e-09,1.9409810636960854e+17,1.0,16,1.0,7.5,0.8413509771013569,0.5029559013148207,-0.9914448613738104,0.13052619222005157
185,7,grain_d200um,200,100.0,2.236813969355932e-09,1.9409810636960854e+17,1.0,16,1.0,15.0,0.8413509771013569,0.5029559013148207,-0.9659258262890683,0.25881904510252074
186,7,grain_d200um,200,100.0,2.236813969355932e-09,1.9409810636960854e+17,1.0,16,1.25,-15.0,0.8413509771013569,0.5029559013148207,-1.2074072828613354,-0.3235238063781509
187,7,grain_d200um,200,100.0,2.236813969355932e-09,1.9409810636960854e+17,1.0,16,1.25,-7.5,0.8413509771013569,0.5029559013148207,-1.239306076717263,-0.16315774027506447
188,7,grain_d200um,200,100.0,2.236813969355932e-09,1.9409810636960854e+17,1.0,16,1.25,0.0,0.8413509771013569,0.5029559013148207,-1.25,0.0
189,7,grain_d200um,200,100.0,2.236813969355932e-09,1.9409810636960854e+17,1.0,16,1.25,7.5,0.8413509771013569,0.5029559013148207,-1.239306076717263,0.16315774027506447
190,7,grain_d200um,200,100.0,2.236813969355932e-09,1.9409810636960854e+17,1.0,16,1.25,15.0,0.8413509771013569,0.5029559013148207,-1.2074072828613354,0.3235238063781509
191,7,grain_d200um,200,100.0,2.236813969355932e-09,1.9409810636960854e+17,1.0,16,1.5,-15.0,0.8413509771013569,0.5029559013148207,-1.4488887394336025,-0.3882285676537811
192,7,grain_d200um,200,100.0,2.236813969355932e-09,1.9409810636960854e+17,1.0,16,1.5,-7.5,0.8413509771013569,0.5029559013148207,-1.4871672920607155,-0.19578928833007736
193,7,grain_d200um,200,100.0,2.236813969355932e-09,1.9409810636960854e+17,1.0,16,1.5,0.0,0.8413509771013569,0.5029559013148207,-1.5,0.0
194,7,grain_d200um,200,100.0,2.236813969355932e-09,1.9409810636960854e+17,1.0,16,1.5,7.5,0.8413509771013569,0.5029559013148207,-1.4871672920607155,0.19578928833007736
195,7,grain_d200um,200,100.0,2.236813969355932e-09,1.9409810636960854e+17,1.0,16,1.5,15.0,0.8413509771013569,0.5029559013148207,-1.4488887394336025,0.3882285676537811
196,7,grain_d200um,200,100.0,2.236813969355932e-09,1.9409810636960854e+17,1.0,17,1.0,-15.0,0.8450107599103642,0.5149081341594087,-0.9659258262890683,-0.25881904510252074
197,7,grain_d200um,200,100.0,2.236813969355932e-09,1.9409810636960854e+17,1.0,17,1.0,-7.5,0.8450107599103642,0.5149081341594087,-0.9914448613738104,-0.13052619222005157
198,7,grain_d200um,200,100.0,2.236813969355932e-09,1.9409810636960854e+17,1.0,17,1.0,0.0,0.8450107599103642,0.5149081341594087,-1.0,0.0
199,7,grain_d200um,200,100.0,2.236813969355932e-09,1.9409810636960854e+17,1.0,17,1.0,7.5,0.8450107599103642,0.5149081341594087,-0.9914448613738104,0.13052619222005157
200,7,grain_d200um,200,100.0,2.236813969355932e-09,1.9409810636960854e+17,1.0,17,1.0,15.0,0.8450107599103642,0.5149081341594087,-0.9659258262890683,0.25881904510252074
201,7,grain_d200um,200,100.0,2.236813969355932e-09,1.9409810636960854e+17,1.0,17,1.25,-15.0,0.8450107599103642,0.5149081341594087,-1.2074072828613354,-0.3235238063781509
202,7,grain_d200um,200,100.0,2.236813969355932e-09,1.9409810636960854e+17,1.0,17,1.25,-7.5,0.8450107599103642,0.5149081341594087,-1.239306076717263,-0.16315774027506447
203,7,grain_d200um,200,100.0,2.236813969355932e-09,1.9409810636960854e+17,1.0,17,1.25,0.0,0.8450107599103642,0.5149081341594087,-1.25,0.0
204,7,grain_d200um,200,100.0,2.236813969355932e-09,1.9409810636960854e+17,1.0,17,1.25,7.5,0.8450107599103642,0.5149081341594087,-1.239306076717263,0.16315774027506447
205,7,grain_d200um,200,100.0,2.236813969355932e-09,1.9409810636960854e+17,1.0,17,1.25,15.0,0.8450107599103642,0.5149081341594087,-1.2074072828613354,0.3235238063781509
206,7,grain_d200um,200,100.0,2.236813969355932e-09,1.9409810636960854e+17,1.0,17,1.5,-15.0,0.8450107599103642,0.5149081341594087,-1.4488887394336025,-0.3882285676537811
207,7,grain_d200um,200,100.0,2.236813969355932e-09,1.9409810636960854e+17,1.0,17,1.5,-7.5,0.8450107599103642,0.5149081341594087,-1.4871672920607155,-0.19578928833007736
208,7,grain_d200um,200,100.0,2.236813969355932e-09,1.9409810636960854e+17,1.0,17,1.5,0.0,0.8450107599103642,0.5149081341594087,-1.5,0.0
209,7,grain_d200um,200,100.0,2.236813969355932e-09,1.9409810636960854e+17,1.0,17,1.5,7.5,0.8450107599103642,0.5149081341594087,-1.4871672920607155,0.19578928833007736
210,7,grain_d200um,200,100.0,2.236813969355932e-09,1.9409810636960854e+17,1.0,17,1.5,15.0,0.8450107599103642,0.5149081341594087,-1.4488887394336025,0.3882285676537811
211,8,grain_d250um,250,125.0,4.368777283898306e-09,3.790978640031418e+17,1.0,16,1.0,-15.0,0.8413509771013569,0.5029559013148207,-0.9659258262890683,-0.25881904510252074
212,8,grain_d250um,250,125.0,4.368777283898306e-09,3.790978640031418e+17,1.0,16,1.0,-7.5,0.8413509771013569,0.5029559013148207,-0.9914448613738104,-0.13052619222005157
213,8,grain_d250um,250,125.0,4.368777283898306e-09,3.790978640031418e+17,1.0,16,1.0,0.0,0.8413509771013569,0.5029559013148207,-1.0,0.0
214,8,grain_d250um,250,125.0,4.368777283898306e-09,3.790978640031418e+17,1.0,16,1.0,7.5,0.8413509771013569,0.5029559013148207,-0.9914448613738104,0.13052619222005157
215,8,grain_d250um,250,125.0,4.368777283898306e-09,3.790978640031418e+17,1.0,16,1.0,15.0,0.8413509771013569,0.5029559013148207,-0.9659258262890683,0.25881904510252074
216,8,grain_d250um,250,125.0,4.368777283898306e-09,3.790978640031418e+17,1.0,16,1.25,-15.0,0.8413509771013569,0.5029559013148207,-1.2074072828613354,-0.3235238063781509
217,8,grain_d250um,250,125.0,4.368777283898306e-09,3.790978640031418e+17,1.0,16,1.25,-7.5,0.8413509771013569,0.5029559013148207,-1.239306076717263,-0.16315774027506447
218,8,grain_d250um,250,125.0,4.368777283898306e-09,3.790978640031418e+17,1.0,16,1.25,0.0,0.8413509771013569,0.5029559013148207,-1.25,0.0
219,8,grain_d250um,250,125.0,4.368777283898306e-09,3.790978640031418e+17,1.0,16,1.25,7.5,0.8413509771013569,0.5029559013148207,-1.239306076717263,0.16315774027506447
220,8,grain_d250um,250,125.0,4.368777283898306e-09,3.790978640031418e+17,1.0,16,1.25,15.0,0.8413509771013569,0.5029559013148207,-1.2074072828613354,0.3235238063781509
221,8,grain_d250um,250,125.0,4.368777283898306e-09,3.790978640031418e+17,1.0,16,1.5,-15.0,0.8413509771013569,0.5029559013148207,-1.4488887394336025,-0.3882285676537811
222,8,grain_d250um,250,125.0,4.368777283898306e-09,3.790978640031418e+17,1.0,16,1.5,-7.5,0.8413509771013569,0.5029559013148207,-1.4871672920607155,-0.19578928833007736
223,8,grain_d250um,250,125.0,4.368777283898306e-09,3.790978640031418e+17,1.0,16,1.5,0.0,0.8413509771013569,0.5029559013148207,-1.5,0.0
224,8,grain_d250um,250,125.0,4.368777283898306e-09,3.790978640031418e+17,1.0,16,1.5,7.5,0.8413509771013569,0.5029559013148207,-1.4871672920607155,0.19578928833007736
225,8,grain_d250um,250,125.0,4.368777283898306e-09,3.790978640031418e+17,1.0,16,1.5,15.0,0.8413509771013569,0.5029559013148207,-1.4488887394336025,0.3882285676537811
226,8,grain_d250um,250,125.0,4.368777283898306e-09,3.790978640031418e+17,1.0,17,1.0,-15.0,0.8450107599103642,0.5149081341594087,-0.9659258262890683,-0.25881904510252074
227,8,grain_d250um,250,125.0,4.368777283898306e-09,3.790978640031418e+17,1.0,17,1.0,-7.5,0.8450107599103642,0.5149081341594087,-0.9914448613738104,-0.13052619222005157
228,8,grain_d250um,250,125.0,4.368777283898306e-09,3.790978640031418e+17,1.0,17,1.0,0.0,0.8450107599103642,0.5149081341594087,-1.0,0.0
229,8,grain_d250um,250,125.0,4.368777283898306e-09,3.790978640031418e+17,1.0,17,1.0,7.5,0.8450107599103642,0.5149081341594087,-0.9914448613738104,0.13052619222005157
230,8,grain_d250um,250,125.0,4.368777283898306e-09,3.790978640031418e+17,1.0,17,1.0,15.0,0.8450107599103642,0.5149081341594087,-0.9659258262890683,0.25881904510252074
231,8,grain_d250um,250,125.0,4.368777283898306e-09,3.790978640031418e+17,1.0,17,1.25,-15.0,0.8450107599103642,0.5149081341594087,-1.2074072828613354,-0.3235238063781509
232,8,grain_d250um,250,125.0,4.368777283898306e-09,3.790978640031418e+17,1.0,17,1.25,-7.5,0.8450107599103642,0.5149081341594087,-1.239306076717263,-0.16315774027506447
233,8,grain_d250um,250,125.0,4.368777283898306e-09,3.790978640031418e+17,1.0,17,1.25,0.0,0.8450107599103642,0.5149081341594087,-1.25,0.0
234,8,grain_d250um,250,125.0,4.368777283898306e-09,3.790978640031418e+17,1.0,17,1.25,7.5,0.8450107599103642,0.5149081341594087,-1.239306076717263,0.16315774027506447
235,8,grain_d250um,250,125.0,4.368777283898306e-09,3.790978640031418e+17,1.0,17,1.25,15.0,0.8450107599103642,0.5149081341594087,-1.2074072828613354,0.3235238063781509
236,8,grain_d250um,250,125.0,4.368777283898306e-09,3.790978640031418e+17,1.0,17,1.5,-15.0,0.8450107599103642,0.5149081341594087,-1.4488887394336025,-0.3882285676537811
237,8,grain_d250um,250,125.0,4.368777283898306e-09,3.790978640031418e+17,1.0,17,1.5,-7.5,0.8450107599103642,0.5149081341594087,-1.4871672920607155,-0.19578928833007736
238,8,grain_d250um,250,125.0,4.368777283898306e-09,3.790978640031418e+17,1.0,17,1.5,0.0,0.8450107599103642,0.5149081341594087,-1.5,0.0
239,8,grain_d250um,250,125.0,4.368777283898306e-09,3.790978640031418e+17,1.0,17,1.5,7.5,0.8450107599103642,0.5149081341594087,-1.4871672920607155,0.19578928833007736
240,8,grain_d250um,250,125.0,4.368777283898306e-09,3.790978640031418e+17,1.0,17,1.5,15.0,0.8450107599103642,0.5149081341594087,-1.4488887394336025,0.3882285676537811
241,9,grain_d300um,300,150.0,7.54924714657627e-09,6.550811089974289e+17,1.0,16,1.0,-15.0,0.8413509771013569,0.5029559013148207,-0.9659258262890683,-0.25881904510252074
242,9,grain_d300um,300,150.0,7.54924714657627e-09,6.550811089974289e+17,1.0,16,1.0,-7.5,0.8413509771013569,0.5029559013148207,-0.9914448613738104,-0.13052619222005157
243,9,grain_d300um,300,150.0,7.54924714657627e-09,6.550811089974289e+17,1.0,16,1.0,0.0,0.8413509771013569,0.5029559013148207,-1.0,0.0
244,9,grain_d300um,300,150.0,7.54924714657627e-09,6.550811089974289e+17,1.0,16,1.0,7.5,0.8413509771013569,0.5029559013148207,-0.9914448613738104,0.13052619222005157
245,9,grain_d300um,300,150.0,7.54924714657627e-09,6.550811089974289e+17,1.0,16,1.0,15.0,0.8413509771013569,0.5029559013148207,-0.9659258262890683,0.25881904510252074
246,9,grain_d300um,300,150.0,7.54924714657627e-09,6.550811089974289e+17,1.0,16,1.25,-15.0,0.8413509771013569,0.5029559013148207,-1.2074072828613354,-0.3235238063781509
247,9,grain_d300um,300,150.0,7.54924714657627e-09,6.550811089974289e+17,1.0,16,1.25,-7.5,0.8413509771013569,0.5029559013148207,-1.239306076717263,-0.16315774027506447
248,9,grain_d300um,300,150.0,7.54924714657627e-09,6.550811089974289e+17,1.0,16,1.25,0.0,0.8413509771013569,0.5029559013148207,-1.25,0.0
249,9,grain_d300um,300,150.0,7.54924714657627e-09,6.550811089974289e+17,1.0,16,1.25,7.5,0.8413509771013569,0.5029559013148207,-1.239306076717263,0.16315774027506447
250,9,grain_d300um,300,150.0,7.54924714657627e-09,6.550811089974289e+17,1.0,16,1.25,15.0,0.8413509771013569,0.5029559013148207,-1.2074072828613354,0.3235238063781509
251,9,grain_d300um,300,150.0,7.54924714657627e-09,6.550811089974289e+17,1.0,16,1.5,-15.0,0.8413509771013569,0.5029559013148207,-1.4488887394336025,-0.3882285676537811
252,9,grain_d300um,300,150.0,7.54924714657627e-09,6.550811089974289e+17,1.0,16,1.5,-7.5,0.8413509771013569,0.5029559013148207,-1.4871672920607155,-0.19578928833007736
253,9,grain_d300um,300,150.0,7.54924714657627e-09,6.550811089974289e+17,1.0,16,1.5,0.0,0.8413509771013569,0.5029559013148207,-1.5,0.0
254,9,grain_d300um,300,150.0,7.54924714657627e-09,6.550811089974289e+17,1.0,16,1.5,7.5,0.8413509771013569,0.5029559013148207,-1.4871672920607155,0.19578928833007736
255,9,grain_d300um,300,150.0,7.54924714657627e-09,6.550811089974289e+17,1.0,16,1.5,15.0,0.8413509771013569,0.5029559013148207,-1.4488887394336025,0.3882285676537811
256,9,grain_d300um,300,150.0,7.54924714657627e-09,6.550811089974289e+17,1.0,17,1.0,-15.0,0.8450107599103642,0.5149081341594087,-0.9659258262890683,-0.25881904510252074
257,9,grain_d300um,300,150.0,7.54924714657627e-09,6.550811089974289e+17,1.0,17,1.0,-7.5,0.8450107599103642,0.5149081341594087,-0.9914448613738104,-0.13052619222005157
258,9,grain_d300um,300,150.0,7.54924714657627e-09,6.550811089974289e+17,1.0,17,1.0,0.0,0.8450107599103642,0.5149081341594087,-1.0,0.0
259,9,grain_d300um,300,150.0,7.54924714657627e-09,6.550811089974289e+17,1.0,17,1.0,7.5,0.8450107599103642,0.5149081341594087,-0.9914448613738104,0.13052619222005157
260,9,grain_d300um,300,150.0,7.54924714657627e-09,6.550811089974289e+17,1.0,17,1.0,15.0,0.8450107599103642,0.5149081341594087,-0.9659258262890683,0.25881904510252074
261,9,grain_d300um,300,150.0,7.54924714657627e-09,6.550811089974289e+17,1.0,17,1.25,-15.0,0.8450107599103642,0.5149081341594087,-1.2074072828613354,-0.3235238063781509
262,9,grain_d300um,300,150.0,7.54924714657627e-09,6.550811089974289e+17,1.0,17,1.25,-7.5,0.8450107599103642,0.5149081341594087,-1.239306076717263,-0.16315774027506447
263,9,grain_d300um,300,150.0,7.54924714657627e-09,6.550811089974289e+17,1.0,17,1.25,0.0,0.8450107599103642,0.5149081341594087,-1.25,0.0
264,9,grain_d300um,300,150.0,7.54924714657627e-09,6.550811089974289e+17,1.0,17,1.25,7.5,0.8450107599103642,0.5149081341594087,-1.239306076717263,0.16315774027506447
265,9,grain_d300um,300,150.0,7.54924714657627e-09,6.550811089974289e+17,1.0,17,1.25,15.0,0.8450107599103642,0.5149081341594087,-1.2074072828613354,0.3235238063781509
266,9,grain_d300um,300,150.0,7.54924714657627e-09,6.550811089974289e+17,1.0,17,1.5,-15.0,0.8450107599103642,0.5149081341594087,-1.4488887394336025,-0.3882285676537811
267,9,grain_d300um,300,150.0,7.54924714657627e-09,6.550811089974289e+17,1.0,17,1.5,-7.5,0.8450107599103642,0.5149081341594087,-1.4871672920607155,-0.19578928833007736
268,9,grain_d300um,300,150.0,7.54924714657627e-09,6.550811089974289e+17,1.0,17,1.5,0.0,0.8450107599103642,0.5149081341594087,-1.5,0.0
269,9,grain_d300um,300,150.0,7.54924714657627e-09,6.550811089974289e+17,1.0,17,1.5,7.5,0.8450107599103642,0.5149081341594087,-1.4871672920607155,0.19578928833007736
270,9,grain_d300um,300,150.0,7.54924714657627e-09,6.550811089974289e+17,1.0,17,1.5,15.0,0.8450107599103642,0.5149081341594087,-1.4488887394336025,0.3882285676537811
