# distance_from_target_mm,peak_normalized_WI_498nm  (digitized 2026-09-11 from Curt's plot screenshot, ~0.1 mm / 0.01 resolution, spikes median-filtered; replace with the measured data when available)
0.043,0.212
0.128,0.212
0.213,0.198
0.299,0.251
0.384,0.333
0.469,0.395
0.555,0.430
0.640,0.463
0.725,0.493
0.811,0.529
0.896,0.558
0.982,0.589
1.067,0.617
1.152,0.649
1.238,0.690
1.323,0.738
1.408,0.785
1.494,0.804
1.579,0.803
1.664,0.804
1.750,0.831
1.835,0.864
1.920,0.881
2.006,0.889
2.091,0.911
2.176,0.922
2.262,0.919
2.347,0.917
2.432,0.927
2.518,0.946
2.603,0.951
2.688,0.937
2.774,0.939
2.859,0.961
2.945,0.988
3.030,0.988
3.115,1.000
3.371,0.992
3.457,0.975
3.542,0.972
3.627,0.973
3.713,0.947
3.798,0.891
3.883,0.911
3.969,0.952
4.054,0.951
4.139,0.942
4.225,0.961
4.310,0.962
4.395,0.937
4.481,0.935
4.566,0.964
4.651,0.964
4.737,0.951
4.822,0.947
4.908,0.940
4.993,0.937
5.078,0.935
5.164,0.929
5.249,0.881
5.334,0.876
5.420,0.867
5.505,0.862
5.590,0.894
5.676,0.889
5.761,0.840
5.846,0.824
5.932,0.823
6.102,0.836
6.188,0.831
6.273,0.829
6.358,0.834
6.444,0.826
6.529,0.808
6.615,0.796
6.700,0.786
6.785,0.781
6.871,0.781
6.956,0.775
7.041,0.761
7.127,0.758
7.212,0.773
7.297,0.765
7.383,0.746
7.468,0.738
7.553,0.683
7.639,0.664
7.724,0.728
7.809,0.751
7.895,0.732
7.980,0.725
8.065,0.750
8.151,0.766
8.236,0.727
8.321,0.702
8.407,0.693
8.492,0.708
8.578,0.733
8.663,0.688
8.748,0.649
8.834,0.657
8.919,0.659
9.004,0.642
9.090,0.645
9.175,0.645
9.260,0.642
9.346,0.645
9.431,0.650
9.516,0.652
9.602,0.640
9.687,0.620
9.772,0.617
9.858,0.637
9.943,0.632
10.028,0.632
10.114,0.607
10.199,0.632
10.284,0.630
10.370,0.616
10.455,0.591
10.541,0.587
10.626,0.560
10.711,0.531
10.797,0.534
10.882,0.551
10.967,0.549
11.053,0.541
11.138,0.524
11.223,0.512
11.309,0.522
11.394,0.564
11.479,0.560
11.565,0.553
11.650,0.541
11.735,0.536
11.821,0.532
11.906,0.534
11.991,0.539
12.077,0.529
12.162,0.517
12.248,0.514
12.333,0.514
12.418,0.512
12.504,0.511
12.589,0.507
12.674,0.502
12.760,0.496
12.845,0.491
12.930,0.488
13.016,0.485
13.101,0.471
13.186,0.468
13.272,0.483
13.357,0.488
13.442,0.485
13.528,0.471
13.613,0.469
13.698,0.459
13.869,0.458
13.954,0.437
14.040,0.430
14.125,0.426
14.467,0.413
14.552,0.426
14.637,0.426
14.723,0.408
14.808,0.411
14.893,0.410
14.979,0.406
15.064,0.405
15.149,0.403
15.235,0.398
15.320,0.400
15.405,0.403
15.491,0.401
15.576,0.393
15.661,0.388
15.747,0.390
15.832,0.390
15.917,0.386
16.003,0.380
16.088,0.385
16.174,0.388
16.259,0.385
16.344,0.383
16.430,0.373
16.515,0.362
16.600,0.358
16.686,0.357
16.771,0.355
16.856,0.352
16.942,0.347
17.027,0.353
17.112,0.370
17.198,0.362
17.283,0.340
17.368,0.328
17.454,0.330
17.539,0.332
17.624,0.333
17.710,0.342
17.795,0.340
17.881,0.328
17.966,0.314
18.051,0.290
18.137,0.287
18.222,0.312
18.307,0.312
18.393,0.307
18.478,0.307
18.563,0.299
18.649,0.290
18.734,0.294
18.819,0.295
18.905,0.297
18.990,0.300
19.075,0.292
19.161,0.282
19.246,0.282
19.331,0.282
19.417,0.280
19.502,0.275
19.587,0.278
19.673,0.277
19.758,0.275
19.844,0.264
19.929,0.225
20.014,0.204
20.100,0.231
20.185,0.259
20.270,0.262
20.356,0.262
20.441,0.264
20.526,0.261
20.612,0.252
20.697,0.244
20.782,0.227
20.868,0.222
20.953,0.232
21.038,0.237
21.124,0.236
21.209,0.236
21.294,0.236
21.380,0.234
21.465,0.236
21.550,0.236
21.636,0.231
21.721,0.227
21.807,0.227
21.892,0.231
21.977,0.229
22.063,0.225
22.148,0.222
22.233,0.215
22.319,0.220
22.404,0.222
22.489,0.219
22.575,0.214
22.660,0.215
22.745,0.217
22.831,0.212
22.916,0.215
23.001,0.215
23.087,0.209
23.172,0.203
23.257,0.204
23.343,0.201
23.428,0.198
23.514,0.198
23.599,0.199
23.684,0.199
23.770,0.196
23.855,0.193
23.940,0.189
24.026,0.189
24.111,0.189
24.196,0.186
24.282,0.186
24.367,0.191
24.452,0.193
24.538,0.189
24.623,0.184
24.708,0.183
24.794,0.183
24.879,0.177
24.964,0.177
25.050,0.177
25.135,0.179
25.220,0.186
25.306,0.181
25.391,0.177
25.477,0.176
25.562,0.169
25.647,0.167
25.733,0.167
25.818,0.167
25.903,0.164
25.989,0.162
26.074,0.164
26.159,0.166
26.245,0.166
26.330,0.162
26.415,0.166
26.501,0.171
26.586,0.174
26.671,0.167
26.757,0.157
26.842,0.159
26.927,0.156
27.013,0.156
27.098,0.152
27.183,0.152
27.269,0.152
27.354,0.154
27.440,0.151
27.525,0.151
27.610,0.151
27.696,0.149
27.781,0.146
27.866,0.149
27.952,0.145
28.037,0.145
28.122,0.146
28.208,0.157
28.293,0.157
28.378,0.151
28.464,0.145
28.549,0.141
28.634,0.138
28.720,0.135
28.805,0.140
28.890,0.143
28.976,0.135
29.061,0.116
29.147,0.116
29.232,0.135
29.317,0.135
29.403,0.126
29.488,0.108
29.573,0.111
29.659,0.124
29.744,0.126
29.829,0.124
29.915,0.124
30.000,0.128
